date,code,open,high,low,close,preclose,volume,amount,adjustflag,turn,tradestatus,pctChg,peTTM,psTTM,pcfNcfTTM,pbMRQ,isST
2024-01-02,sh.600030,20.3800,20.4000,20.0600,20.0700,20.3700,58776514,1183083967.5100,3,0.517100,1,-1.472800,14.054567,4.868720,-4.477997,1.196029,0
2024-01-03,sh.600030,20.0000,20.2500,19.9800,20.1800,20.0700,54751355,1101533869.8600,3,0.481700,1,0.548100,14.131597,4.895405,-4.502540,1.202584,0
2024-01-04,sh.600030,20.1200,20.1600,19.8400,20.0000,20.1800,50391805,1006917539.6600,3,0.443300,1,-0.892000,14.005547,4.851739,-4.462379,1.191857,0
2024-01-05,sh.600030,19.9500,20.1800,19.6600,19.7900,20.0000,69614777,1387740195.3900,3,0.612400,1,-1.050000,13.858489,4.800796,-4.415524,1.179343,0
2024-01-08,sh.600030,19.7200,19.8600,19.4000,19.4200,19.7900,62567092,1222235532.4500,3,0.550400,1,-1.869600,13.599387,4.711039,-4.332970,1.157293,0
2024-01-09,sh.600030,19.4200,19.5600,19.3300,19.4600,19.4200,45845833,892306219.8500,3,0.403300,1,0.206000,13.627398,4.720742,-4.341895,1.159677,0
2024-01-10,sh.600030,19.4500,19.6300,19.2600,19.4600,19.4600,52596063,1024533120.3200,3,0.462700,1,0.000000,13.627398,4.720742,-4.341895,1.159677,0
2024-01-11,sh.600030,19.4800,19.6600,19.3400,19.6000,19.4600,44793313,874928731.9100,3,0.394100,1,0.719400,13.725436,4.754705,-4.373131,1.168020,0
2024-01-12,sh.600030,19.5000,19.7300,19.4500,19.5200,19.6000,39747110,778895688.3400,3,0.349700,1,-0.408200,13.669414,4.735298,-4.355282,1.163253,0
2024-01-15,sh.600030,19.3600,19.6900,19.3300,19.4800,19.5200,33855797,659832779.9800,3,0.297900,1,-0.204900,13.641403,4.725594,-4.346357,1.160869,0
2024-01-16,sh.600030,19.4500,19.6200,19.2200,19.5800,19.4800,58008393,1127694934.9600,3,0.510300,1,0.513300,13.711431,4.749853,-4.368669,1.166828,0
2024-01-17,sh.600030,19.5000,19.5300,19.2200,19.2200,19.5800,56149064,1088333237.7300,3,0.494000,1,-1.838600,13.459331,4.662522,-4.288346,1.145375,0
2024-01-18,sh.600030,19.0700,19.5400,18.7800,19.4900,19.2200,112136644,2140221937.5800,3,0.986500,1,1.404800,13.648406,4.728020,-4.348588,1.161465,0
2024-01-19,sh.600030,19.3000,19.5800,19.2500,19.4700,19.4900,69114136,1343840467.0300,3,0.608000,1,-0.102600,13.634400,4.723168,-4.344126,1.160273,0
2024-01-22,sh.600030,19.4000,19.5700,18.9200,19.1300,19.4700,98447057,1907709426.4400,3,0.866100,1,-1.746300,13.396306,4.640689,-4.268266,1.140011,0
2024-01-23,sh.600030,19.0500,19.9500,18.9400,19.7800,19.1300,115286960,2254756632.9500,3,1.014300,1,3.397800,13.851486,4.798370,-4.413293,1.178747,0
2024-01-24,sh.600030,19.8800,20.6200,19.6100,20.5200,19.7800,145399272,2920645095.4700,3,1.279200,1,3.741200,15.448421,5.064660,-4.578401,1.222846,0
2024-01-25,sh.600030,20.3400,20.7000,20.1300,20.5600,20.5200,154279390,3154344625.7700,3,1.357300,1,0.194900,15.478535,5.074532,-4.587326,1.225229,0
2024-01-26,sh.600030,20.4000,21.0800,20.3100,20.8300,20.5600,148255677,3064826716.4600,3,1.304300,1,1.313200,15.681804,5.141173,-4.647568,1.241319,0
2024-01-29,sh.600030,20.7200,20.8900,20.5300,20.5800,20.8300,89354435,1849438738.3000,3,0.786100,1,-1.200200,15.493592,5.079469,-4.591788,1.226421,0
2024-01-30,sh.600030,20.4500,20.8000,20.2800,20.4400,20.5800,90056671,1848202279.5500,3,0.792300,1,-0.680300,15.388193,5.044914,-4.560551,1.218078,0
2024-01-31,sh.600030,20.3500,20.7200,20.2500,20.5000,20.4400,79319770,1627214288.6100,3,0.697800,1,0.293500,15.433364,5.059723,-4.573938,1.221654,0
2024-02-01,sh.600030,20.3000,20.7800,20.2800,20.4400,20.5000,76505057,1572022998.1100,3,0.673100,1,-0.292700,15.388193,5.044914,-4.560551,1.218078,0
2024-02-02,sh.600030,20.4400,20.5200,19.6700,20.1800,20.4400,102218152,2061606711.4000,3,0.899300,1,-1.272000,15.192453,4.980742,-4.502540,1.202584,0
2024-02-05,sh.600030,20.0800,20.5200,19.7600,20.1800,20.1800,99699061,2008152346.4200,3,0.877100,1,0.000000,15.192453,4.980742,-4.502540,1.202584,0
2024-02-06,sh.600030,20.1600,21.2200,20.0000,21.1400,20.1800,121024553,2509414266.2000,3,1.064700,1,4.757200,15.915186,5.217685,-4.716735,1.259793,0
2024-02-07,sh.600030,21.0200,21.2800,20.9000,21.1800,21.1400,112172568,2367112733.1900,3,0.986900,1,0.189200,15.945300,5.227558,-4.725659,1.262177,0
2024-02-08,sh.600030,21.3000,21.5300,21.0800,21.2500,21.1800,100939581,2149633922.6500,3,0.888000,1,0.330500,15.998000,5.244835,-4.741278,1.266348,0
2024-02-19,sh.600030,21.1200,21.1200,20.5500,20.8500,21.2500,95223930,1979888090.2900,3,0.837700,1,-1.882400,15.696861,5.146109,-4.652030,1.242511,0
2024-02-20,sh.600030,20.7300,21.1700,20.6800,20.9900,20.8500,88862866,1858586985.2300,3,0.781800,1,0.671500,15.802259,5.180663,-4.683267,1.250854,0
2024-02-21,sh.600030,20.9000,21.7100,20.8100,21.3800,20.9900,128712979,2749494325.6600,3,1.132400,1,1.858000,16.095870,5.276921,-4.770283,1.274095,0
2024-02-22,sh.600030,21.2700,21.8000,21.2300,21.7300,21.3800,109404058,2365138038.7500,3,0.962500,1,1.637000,16.359366,5.363307,-4.848375,1.294953,0
2024-02-23,sh.600030,21.7400,21.7800,21.4600,21.5200,21.7300,77753585,1679100350.3800,3,0.684000,1,-0.966400,16.201268,5.311475,-4.801520,1.282438,0
2024-02-26,sh.600030,21.5400,21.6300,21.3100,21.3400,21.5200,64641353,1386960297.6700,3,0.568700,1,-0.836400,16.065756,5.267049,-4.761358,1.271712,0
2024-02-27,sh.600030,21.3200,21.4700,21.2300,21.4600,21.3400,81028401,1728538412.3200,3,0.712900,1,0.562300,16.156097,5.296667,-4.788133,1.278863,0
2024-02-28,sh.600030,21.5200,21.7400,21.0000,21.0000,21.4600,117292456,2512179782.5800,3,1.031900,1,-2.143500,15.809788,5.183131,-4.685498,1.251450,0
2024-02-29,sh.600030,21.0000,21.3500,20.9500,21.3000,21.0000,96392297,2037055653.4600,3,0.848000,1,1.428600,16.035642,5.257176,-4.752434,1.269328,0
2024-03-01,sh.600030,21.3000,21.4400,21.1000,21.3200,21.3000,72393608,1537955150.4600,3,0.636900,1,0.093900,16.050699,5.262112,-4.756896,1.270520,0
2024-03-04,sh.600030,21.3300,21.3600,21.0600,21.1600,21.3200,59070856,1250669911.0500,3,0.519700,1,-0.750500,15.930243,5.222622,-4.721197,1.260985,0
2024-03-05,sh.600030,21.0300,21.2400,21.0200,21.1800,21.1600,79044486,1672330721.8200,3,0.695400,1,0.094500,15.945300,5.227558,-4.725659,1.262177,0
2024-03-06,sh.600030,21.1700,21.4000,21.0300,21.1000,21.1800,65445062,1385700082.0100,3,0.575800,1,-0.377700,15.885073,5.207813,-4.707810,1.257409,0
2024-03-07,sh.600030,21.0700,21.2000,20.7100,20.8100,21.1000,89248571,1868871437.6600,3,0.785200,1,-1.374400,15.666747,5.136236,-4.643105,1.240127,0
2024-03-08,sh.600030,20.8000,20.9000,20.7100,20.8000,20.8100,46543289,967921209.0800,3,0.409500,1,-0.048100,15.659218,5.133768,-4.640874,1.239532,0
2024-03-11,sh.600030,20.8900,21.2000,20.8700,21.1900,20.8000,75836858,1598127872.8300,3,0.667200,1,1.875000,15.952829,5.230026,-4.727891,1.262773,0
2024-03-12,sh.600030,21.3000,21.4500,21.1600,21.4000,21.1900,82088824,1749861586.4900,3,0.722200,1,0.991000,16.110927,5.281858,-4.774746,1.275287,0
2024-03-13,sh.600030,21.4000,21.4300,21.0500,21.0700,21.4000,63546808,1345066747.5000,3,0.559100,1,-1.542100,15.862487,5.200408,-4.701116,1.255622,0
2024-03-14,sh.600030,21.0100,21.1600,20.7100,20.8000,21.0700,67506033,1410848005.1800,3,0.593900,1,-1.281400,15.659218,5.133768,-4.640874,1.239532,0
2024-03-15,sh.600030,20.7100,20.8900,20.5900,20.8700,20.8000,60880390,1262584773.7300,3,0.535600,1,0.336500,15.711918,5.151045,-4.656492,1.243703,0
2024-03-18,sh.600030,20.8900,21.4300,20.8700,21.2600,20.8700,102678963,2177023126.4300,3,0.903300,1,1.868700,16.005528,5.247303,-4.743509,1.266944,0
2024-03-19,sh.600030,21.2200,21.2200,20.8100,20.8300,21.2600,72465689,1522354515.8500,3,0.637500,1,-2.022600,15.681804,5.141173,-4.647568,1.241319,0
2024-03-20,sh.600030,20.7700,20.9700,20.7400,20.8400,20.8300,47950221,999311218.8800,3,0.421800,1,0.048000,15.689332,5.143641,-4.649799,1.241915,0
2024-03-21,sh.600030,20.8700,21.1700,20.8000,20.8300,20.8400,68056123,1423455161.6700,3,0.598700,1,-0.048000,15.681804,5.141173,-4.647568,1.241319,0
2024-03-22,sh.600030,20.8300,20.8700,20.4400,20.5000,20.8300,76624905,1576797500.3500,3,0.674100,1,-1.584300,15.433364,5.059723,-4.573938,1.221654,0
2024-03-25,sh.600030,19.8000,19.9200,19.5000,19.5000,20.5000,179974202,3533742866.8900,3,1.583300,1,-4.878000,14.680517,4.812908,-4.350820,1.162061,0
2024-03-26,sh.600030,19.4100,19.6200,19.4100,19.6000,19.5000,76399835,1490546284.9700,3,0.672100,1,0.512800,14.755802,4.837589,-4.373131,1.168020,0
2024-03-27,sh.600030,19.5200,19.5400,19.3200,19.3500,19.6000,68782249,1335178798.1000,3,0.605100,1,-1.275500,14.542070,4.774216,-27.695176,1.137655,0
2024-03-28,sh.600030,19.3000,19.5300,19.2300,19.3100,19.3500,103701495,2007001601.1600,3,0.912300,1,-0.206700,14.512009,4.764347,-27.637925,1.135303,0
2024-03-29,sh.600030,19.2800,19.2800,19.1000,19.2000,19.3100,86723088,1661488228.2800,3,0.763000,1,-0.569700,14.429341,4.737207,-27.480484,1.128836,0
2024-04-01,sh.600030,19.3000,19.4400,19.3000,19.4100,19.2000,90708676,1757060950.9900,3,0.798000,1,1.093800,14.587162,4.789020,-27.781052,1.141182,0
2024-04-02,sh.600030,19.4200,19.4700,19.2800,19.3100,19.4100,68856339,1331754403.0300,3,0.605800,1,-0.515200,14.512009,4.764347,-27.637925,1.135303,0
2024-04-03,sh.600030,19.2800,19.2900,19.1300,19.1600,19.3100,53094835,1018810155.7400,3,0.467100,1,-0.776800,14.399280,4.727338,-27.423233,1.126484,0
2024-04-08,sh.600030,19.0000,19.0700,18.7800,18.9200,19.1600,72459954,1371551740.9400,3,0.637500,1,-1.252600,14.218913,4.668122,-27.079727,1.112373,0
2024-04-09,sh.600030,18.9000,19.0500,18.8800,18.9300,18.9200,44879326,850475059.0300,3,0.394800,1,0.052900,14.226428,4.670590,-27.094040,1.112961,0
2024-04-10,sh.600030,18.8900,18.9100,18.3500,18.4100,18.9300,97599833,1813346733.4500,3,0.858600,1,-2.747000,13.835634,4.542290,-26.349777,1.082389,0
2024-04-11,sh.600030,18.3400,18.5200,18.2900,18.3400,18.4100,61275915,1126874595.0600,3,0.539100,1,-0.380200,13.783027,4.525019,-26.249588,1.078273,0
2024-04-12,sh.600030,18.3500,18.4200,17.9000,17.9400,18.3400,105756734,1909255553.0500,3,0.930400,1,-2.181000,13.482415,4.426328,-25.677078,1.054756,0
2024-04-15,sh.600030,17.5000,17.9200,17.2600,17.7400,17.9400,179911656,3165646152.6300,3,1.582800,1,-1.114800,13.332110,4.376982,-25.390823,1.042997,0
2024-04-16,sh.600030,17.5100,18.0000,17.4800,17.6300,17.7400,124925193,2217573728.0000,3,1.099000,1,-0.620100,13.249442,4.349841,-25.233382,1.036530,0
2024-04-17,sh.600030,17.5800,18.1100,17.4500,18.1000,17.6300,120547541,2145695272.0200,3,1.060500,1,2.665900,13.602660,4.465804,-25.906082,1.064163,0
2024-04-18,sh.600030,18.0100,18.5300,17.9800,18.2100,18.1000,134937611,2464131257.7200,3,1.187100,1,0.607700,13.685328,4.492945,-26.063522,1.070630,0
2024-04-19,sh.600030,18.1000,18.3000,18.0600,18.1300,18.2100,78230986,1420736103.7100,3,0.688200,1,-0.439300,13.625206,4.473206,-25.949020,1.065926,0
2024-04-22,sh.600030,18.1300,18.5500,18.1300,18.2800,18.1300,77961623,1429239753.1400,3,0.685900,1,0.827400,13.737935,4.510216,-26.163711,1.074746,0
2024-04-23,sh.600030,18.3200,18.4300,18.2000,18.2700,18.2800,66568808,1217707086.5900,3,0.585600,1,-0.054700,13.730420,4.507748,-26.149398,1.074158,0
2024-04-24,sh.600030,18.2500,18.3300,18.0500,18.2700,18.2700,54856952,998853308.5400,3,0.482600,1,0.000000,13.730420,4.507748,-26.149398,1.074158,0
2024-04-25,sh.600030,18.2500,18.3200,18.1100,18.1800,18.2700,51667856,940710872.3400,3,0.454600,1,-0.492600,13.662782,4.485543,-26.020584,1.068866,0
2024-04-26,sh.600030,18.5500,19.2700,18.3700,19.1600,18.1800,225574137,4248412846.6400,3,1.984500,1,5.390500,14.399280,4.727338,-27.423233,1.126484,0
2024-04-29,sh.600030,19.1700,19.5200,19.0500,19.3800,19.1600,188665203,3638439646.0700,3,1.659800,1,1.148200,14.911428,4.911934,567.949090,1.116991,0
2024-04-30,sh.600030,19.2500,19.3600,18.9500,19.0100,19.3800,102240996,1955881346.9500,3,0.899500,1,-1.909200,14.626741,4.818156,557.105892,1.095666,0
2024-05-06,sh.600030,19.2500,19.4500,19.1200,19.2100,19.0100,107831815,2079020101.6100,3,0.948700,1,1.052100,14.780626,4.868847,562.967080,1.107193,0
2024-05-07,sh.600030,19.2000,19.2500,19.0700,19.1200,19.2100,65979247,1262187134.5700,3,0.580500,1,-0.468500,14.711377,4.846036,560.329546,1.102006,0
2024-05-08,sh.600030,19.0300,19.1000,18.7500,18.7800,19.1200,78310260,1478924662.8500,3,0.688900,1,-1.778200,14.449773,4.759862,550.365527,1.082410,0
2024-05-09,sh.600030,18.8300,19.0200,18.8200,18.9100,18.7800,74266702,1404596261.6300,3,0.653400,1,0.692200,14.549799,4.792811,554.175299,1.089902,0
2024-05-10,sh.600030,18.9400,19.1400,18.8500,19.0600,18.9100,90579371,1720456370.6900,3,0.796900,1,0.793200,14.665212,4.830829,558.571189,1.098548,0
2024-05-13,sh.600030,19.0300,19.1300,18.7600,18.9800,19.0600,81422538,1542516576.8400,3,0.716300,1,-0.419700,14.603658,4.810553,556.226714,1.093937,0
2024-05-14,sh.600030,19.0100,19.0300,18.8300,19.0100,18.9800,66901854,1266821447.4200,3,0.588600,1,0.158100,14.626741,4.818156,557.105892,1.095666,0
2024-05-15,sh.600030,19.0600,19.0900,18.7400,18.7500,19.0100,77412096,1459083365.7100,3,0.681000,1,-1.367700,14.426691,4.752258,549.486348,1.080680,0
2024-05-16,sh.600030,18.8000,18.9800,18.7400,18.7800,18.7500,60508935,1139557601.5900,3,0.532300,1,0.160000,14.449773,4.759862,550.365527,1.082410,0
2024-05-17,sh.600030,18.7800,19.2200,18.7300,19.1900,18.7800,101014101,1918998124.0500,3,0.888700,1,2.183200,14.765237,4.863778,562.380961,1.106040,0
2024-05-20,sh.600030,19.1900,19.5100,19.1500,19.2900,19.1900,132560646,2568987458.1500,3,1.166200,1,0.521100,14.842179,4.889124,565.311555,1.111804,0
2024-05-21,sh.600030,19.2300,19.3600,19.1500,19.2400,19.2900,56540133,1088790431.2500,3,0.497400,1,-0.259200,14.803708,4.876451,563.846258,1.108922,0
2024-05-22,sh.600030,19.2000,19.3600,19.1500,19.3100,19.2400,64484219,1243525647.8900,3,0.567300,1,0.363800,14.857568,4.894193,565.897674,1.112957,0
2024-05-23,sh.600030,19.2100,19.2700,18.8400,18.8700,19.3100,86317822,1640457684.9300,3,0.759400,1,-2.278600,14.519022,4.782673,553.003061,1.087597,0
2024-05-24,sh.600030,18.8000,18.9200,18.5200,18.5900,18.8700,72645880,1360105853.5600,3,0.639100,1,-1.483800,14.303583,4.711706,544.797398,1.071459,0
2024-05-27,sh.600030,18.6000,18.7600,18.5400,18.7300,18.5900,58370293,1087384825.7500,3,0.513500,1,0.753100,14.411302,4.747189,548.900230,1.079528,0
2024-05-28,sh.600030,18.6800,18.9100,18.6000,18.6200,18.7300,47092170,881360400.0000,3,0.414300,1,-0.587300,14.326666,4.719309,545.676576,1.073188,0
2024-05-29,sh.600030,18.5600,18.8000,18.5600,18.6500,18.6200,37977769,709786485.3400,3,0.334100,1,0.161100,14.349748,4.726913,546.555755,1.074917,0
2024-05-30,sh.600030,18.5900,18.6800,18.4500,18.5600,18.6500,47548869,882503725.9300,3,0.418300,1,-0.482600,14.280500,4.704102,543.918220,1.069730,0
2024-05-31,sh.600030,18.6400,18.8400,18.5800,18.6200,18.5600,51955219,971574136.7800,3,0.457100,1,0.323300,14.326666,4.719309,545.676576,1.073188,0
2024-06-03,sh.600030,18.5500,18.5600,18.3500,18.4300,18.6200,58595707,1079851029.8600,3,0.515500,1,-1.020400,14.180475,4.671153,540.108448,1.062237,0
2024-06-04,sh.600030,18.4300,18.6100,18.4300,18.5600,18.4300,48649749,901981204.0500,3,0.428000,1,0.705400,14.280500,4.704102,543.918220,1.069730,0
2024-06-05,sh.600030,18.5200,18.6700,18.5200,18.5400,18.5600,45134222,838900165.2500,3,0.397100,1,-0.107800,14.265112,4.699033,543.332101,1.068577,0
2024-06-06,sh.600030,18.5800,18.6800,18.4300,18.4900,18.5400,59233268,1098537258.8900,3,0.521100,1,-0.269700,14.226641,4.686360,541.866804,1.065695,0
2024-06-07,sh.600030,18.5500,18.6000,18.2000,18.3800,18.4900,57164346,1052028678.6100,3,0.502900,1,-0.594900,14.142004,4.658481,538.643151,1.059355,0
2024-06-11,sh.600030,18.2800,18.4800,18.2800,18.3400,18.3800,45270974,832296169.9600,3,0.398300,1,-0.217600,14.111227,4.648342,537.470914,1.057050,0
2024-06-12,sh.600030,18.3100,18.3800,18.2700,18.2800,18.3400,41591118,761921766.5900,3,0.365900,1,-0.327200,14.065062,4.633135,535.712557,1.053591,0
2024-06-13,sh.600030,18.3000,18.3600,18.2000,18.2600,18.2800,46159590,842708375.6200,3,0.406100,1,-0.109400,14.049673,4.628066,535.126439,1.052439,0
2024-06-14,sh.600030,18.2400,18.7700,18.2000,18.6300,18.2600,121165400,2242525168.7200,3,1.066000,1,2.026300,14.334360,4.721844,545.969636,1.073764,0
2024-06-17,sh.600030,18.5100,18.6700,18.4600,18.6600,18.6300,59644131,1108331616.7200,3,0.524700,1,0.161000,14.357443,4.729448,546.848814,1.075493,0
2024-06-18,sh.600030,18.6500,18.8900,18.6000,18.7100,18.6600,57472966,1077622166.4100,3,0.505600,1,0.268000,14.395914,4.742120,548.314111,1.078375,0
2024-06-19,sh.600030,18.7400,18.7400,18.5200,18.5300,18.7100,46344891,861542370.5700,3,0.407700,1,-0.962100,14.257418,4.696499,543.039042,1.068001,0
2024-06-20,sh.600030,18.5300,18.6000,18.3600,18.3800,18.5300,42317417,780553078.8700,3,0.372300,1,-0.809500,14.142004,4.658481,538.643151,1.059355,0
2024-06-21,sh.600030,18.4000,18.5900,18.2500,18.4400,18.3800,60417022,1111691879.1900,3,0.531500,1,0.326400,14.188169,4.673688,540.401507,1.062813,0
2024-06-24,sh.600030,18.4100,18.5700,18.4000,18.4200,18.4400,51976654,960506541.7000,3,0.457300,1,-0.108500,14.172781,4.668619,539.815389,1.061661,0
2024-06-25,sh.600030,18.4300,18.4600,18.0000,18.1200,18.4200,74915915,1362945573.9900,3,0.659100,1,-1.628700,13.941954,4.592583,531.023607,1.044370,0
2024-06-26,sh.600030,18.0900,18.4500,18.0200,18.4000,18.1200,51017306,933106618.5100,3,0.448800,1,1.545300,14.157393,4.663550,539.229270,1.060508,0
2024-06-27,sh.600030,18.3600,18.4600,18.2500,18.4000,18.4000,54151268,996013881.5100,3,0.476400,1,0.000000,14.157393,4.663550,539.229270,1.060508,0
2024-06-28,sh.600030,18.3600,18.6000,18.1300,18.2300,18.4000,70738608,1300681100.9800,3,0.622300,1,-0.923900,14.026591,4.620463,534.247260,1.050710,0
2024-07-01,sh.600030,18.1900,18.2800,18.0000,18.2000,18.2300,46620988,845784491.9200,3,0.410200,1,-0.164600,14.003508,4.612859,533.368082,1.048981,0
2024-07-02,sh.600030,18.1500,18.3900,18.1300,18.1900,18.2000,40020689,730763529.5700,3,0.352100,1,-0.054900,13.995814,4.610324,533.075023,1.048404,0
2024-07-03,sh.600030,18.1900,18.4300,18.0700,18.3800,18.1900,43434363,794590715.8500,3,0.382100,1,1.044500,14.142004,4.658481,538.643151,1.059355,0
2024-07-04,sh.600030,18.3500,18.4500,18.0300,18.0400,18.3800,52014443,946439321.3000,3,0.457600,1,-1.849800,13.880400,4.572306,528.679132,1.039759,0
2024-07-05,sh.600030,18.1000,18.1000,17.7000,17.8100,18.0400,78678398,1401453947.2100,3,0.692200,1,-1.274900,13.703433,4.514012,521.938766,1.026502,0
2024-07-08,sh.600030,17.7000,17.7800,17.4500,17.5000,17.8100,60217254,1058986203.3400,3,0.529800,1,-1.740600,13.464911,4.435441,512.853925,1.008635,0
2024-07-09,sh.600030,17.4700,17.9100,17.3500,17.8600,17.5000,64141161,1131167616.6900,3,0.564300,1,2.057100,13.741904,4.526685,523.404063,1.029384,0
2024-07-10,sh.600030,17.8100,18.4500,17.7600,18.1700,17.8600,91748765,1669558469.8100,3,0.807200,1,1.735700,13.980425,4.605255,532.488904,1.047251,0
2024-07-11,sh.600030,18.2600,18.4500,18.1800,18.3200,18.1700,55823833,1023550000.7700,3,0.491100,1,0.825500,14.095839,4.643273,536.884795,1.055897,0
2024-07-12,sh.600030,18.3300,18.4100,18.2300,18.3600,18.3200,36218180,664064594.9800,3,0.318600,1,0.218300,14.126616,4.653411,538.057032,1.058202,0
2024-07-15,sh.600030,18.3600,18.5500,18.3200,18.4600,18.3600,53440139,986784181.0300,3,0.470100,1,0.544700,14.203558,4.678757,540.987626,1.063966,0
2024-07-16,sh.600030,18.4900,18.8500,18.4000,18.7300,18.4600,84941179,1588630417.4300,3,0.747300,1,1.462600,14.411302,4.747189,548.900230,1.079528,0
2024-07-17,sh.600030,18.7000,18.9100,18.6600,18.8500,18.7300,83777183,1578637964.1400,3,0.737000,1,0.640700,14.503633,4.777604,552.416942,1.086444,0
2024-07-18,sh.600030,18.8600,19.0000,18.6400,18.9700,18.8500,88410384,1668453861.1400,3,0.777800,1,0.636600,14.595964,4.808018,555.933655,1.093360,0
2024-07-19,sh.600030,18.9600,19.4400,18.9200,19.3900,18.9700,159109624,3066945338.9000,3,1.399800,1,2.214000,14.919122,4.914469,568.242149,1.117568,0
2024-07-22,sh.600030,19.9900,20.2400,19.5700,20.1900,19.3900,370449492,7364394032.7800,3,3.259100,1,4.125800,15.534661,5.117232,591.686900,1.163677,0
2024-07-23,sh.600030,19.8500,19.8700,19.1800,19.2000,20.1900,257122946,5022003949.7900,3,2.262100,1,-4.903400,14.772931,4.866313,562.674021,1.106617,0
2024-07-24,sh.600030,19.0700,19.3000,18.7600,18.8800,19.2000,168789715,3198694066.9000,3,1.485000,1,-1.666700,14.526716,4.785207,553.296120,1.088173,0
2024-07-25,sh.600030,18.8400,19.3400,18.7900,19.0200,18.8800,130620674,2490783476.9100,3,1.149200,1,0.741500,14.634435,4.820691,557.398952,1.096242,0
2024-07-26,sh.600030,18.9200,19.5400,18.8700,19.2600,19.0200,113424535,2186433087.4200,3,0.997900,1,1.261800,14.819097,4.881520,564.432377,1.110075,0
2024-07-29,sh.600030,19.0500,19.1900,18.8600,18.8800,19.2600,95943051,1821926952.7100,3,0.844100,1,-1.973000,14.526716,4.785207,553.296120,1.088173,0
2024-07-30,sh.600030,18.8200,18.9700,18.7400,18.9200,18.8800,70006292,1320638610.2500,3,0.615900,1,0.211900,14.557493,4.795346,554.468358,1.090479,0
2024-07-31,sh.600030,18.9200,20.1200,18.8800,19.8000,18.9200,225317640,4428709175.1500,3,1.982300,1,4.651200,15.234585,5.018385,580.257584,1.141199,0
2024-08-01,sh.600030,19.5500,19.8200,19.5100,19.5800,19.8000,126438939,2483167597.6100,3,1.112400,1,-1.111100,15.065312,4.962625,573.810277,1.128519,0
2024-08-02,sh.600030,19.4800,19.6500,19.1500,19.2100,19.5800,97703187,1890702077.3800,3,0.859600,1,-1.889700,14.780626,4.868847,562.967080,1.107193,0
2024-08-05,sh.600030,19.1200,19.4200,19.0900,19.1200,19.2100,96617014,1859377629.5400,3,0.850000,1,-0.468500,14.711377,4.846036,560.329546,1.102006,0
2024-08-06,sh.600030,19.3200,19.3700,18.9300,19.1100,19.1200,75060005,1433376712.9800,3,0.660400,1,-0.052300,14.703683,4.843502,560.036486,1.101430,0
2024-08-07,sh.600030,19.1200,19.2200,18.9300,18.9700,19.1100,57245073,1088904006.4800,3,0.503600,1,-0.732600,14.595964,4.808018,555.933655,1.093360,0
2024-08-08,sh.600030,18.9300,19.2200,18.8500,19.0700,18.9700,64732498,1233211161.8900,3,0.569500,1,0.527100,14.672906,4.833364,558.864249,1.099124,0
2024-08-09,sh.600030,19.1400,19.2000,18.8800,18.8900,19.0700,53998402,1027402386.9600,3,0.475100,1,-0.943900,14.534410,4.787742,553.589180,1.088750,0
2024-08-12,sh.600030,18.8200,18.9200,18.7200,18.8700,18.8900,45072581,848463354.6700,3,0.396500,1,-0.105900,14.519022,4.782673,553.003061,1.087597,0
2024-08-13,sh.600030,18.8500,19.0800,18.8000,19.0600,18.8700,47472446,898005758.7200,3,0.417600,1,1.006900,14.665212,4.830829,558.571189,1.098548,0
2024-08-14,sh.600030,18.9900,19.0700,18.8300,18.8500,19.0600,46502325,879791557.3500,3,0.409100,1,-1.101800,14.503633,4.777604,552.416942,1.086444,0
2024-08-15,sh.600030,18.8400,19.3000,18.8100,19.1500,18.8500,83514500,1597152698.3600,3,0.734700,1,1.591500,14.734460,4.853640,561.208724,1.103735,0
2024-08-16,sh.600030,19.1000,19.2100,19.0000,19.1000,19.1500,45332130,865184296.4200,3,0.398800,1,-0.261100,14.695989,4.840967,559.743427,1.100853,0
2024-08-19,sh.600030,19.0700,19.2200,19.0100,19.0400,19.1000,43305842,826900172.2300,3,0.381000,1,-0.314100,14.649824,4.825760,557.985071,1.097395,0
2024-08-20,sh.600030,19.0600,19.0800,18.8700,18.9300,19.0400,41658617,788835153.8200,3,0.366500,1,-0.577700,14.565187,4.797880,554.761417,1.091055,0
2024-08-21,sh.600030,18.9000,18.9800,18.7900,18.9200,18.9300,37924159,716968057.8500,3,0.333600,1,-0.052800,14.557493,4.795346,554.468358,1.090479,0
2024-08-22,sh.600030,19.0000,19.0900,18.6400,18.7300,18.9200,50241548,944929814.2700,3,0.442000,1,-1.004200,14.411302,4.747189,548.900230,1.079528,0
2024-08-23,sh.600030,18.7100,19.2000,18.6900,19.1000,18.7300,68655877,1305618025.4200,3,0.604000,1,1.975400,14.695989,4.840967,559.743427,1.100853,0
2024-08-26,sh.600030,18.6300,18.7200,18.3700,18.4600,18.6300,58841279,1089938097.4100,3,0.517700,1,-0.912500,14.203558,4.678757,540.987626,1.063966,0
2024-08-27,sh.600030,18.4000,18.5100,18.2600,18.4600,18.4600,40210254,739365131.7500,3,0.353800,1,0.000000,14.203558,4.678757,540.987626,1.063966,0
2024-08-28,sh.600030,18.4100,18.5300,18.3300,18.4300,18.4600,33370073,614642146.8300,3,0.293600,1,-0.162500,14.180475,4.671153,540.108448,1.062237,0
2024-08-29,sh.600030,18.5000,18.9500,18.4600,18.7900,18.4300,86632408,1629341686.1100,3,0.762200,1,1.953300,14.668676,4.739933,-4.118935,1.089892,0
2024-08-30,sh.600030,18.7500,19.4800,18.7200,19.2900,18.7900,142158143,2735400699.6200,3,1.250700,1,2.661000,15.059008,4.866062,-4.228540,1.118894,0
2024-09-02,sh.600030,19.1900,19.2000,18.9100,18.9200,19.2900,65395420,1243771467.8000,3,0.575300,1,-1.918100,14.770162,4.772727,-4.147432,1.097432,0
2024-09-03,sh.600030,18.9100,19.2500,18.9100,19.1200,18.9200,50871883,971650931.3500,3,0.447600,1,1.057100,14.926295,4.823179,-4.191274,1.109033,0
2024-09-04,sh.600030,19.0500,19.2900,19.0500,19.1200,19.1200,46710930,894498619.5000,3,0.410900,1,0.000000,14.926295,4.823179,-4.191274,1.109033,0
2024-09-05,sh.600030,19.0500,19.1800,18.9700,19.1100,19.1200,52389478,999567984.1900,3,0.465900,1,-0.052300,14.918488,4.820656,-4.189082,1.108453,0
2024-09-06,sh.600030,19.4400,19.5800,19.0400,19.0600,19.1100,117612817,2270723932.8900,3,1.045900,1,-0.261600,14.879455,4.808043,-4.178122,1.105553,0
2024-09-09,sh.600030,18.7900,19.2000,18.7500,18.9800,19.0600,72901485,1386724718.1400,3,0.648300,1,-0.419700,14.817002,4.787862,-4.160585,1.100913,0
2024-09-10,sh.600030,19.0400,19.0600,18.7500,18.8800,18.9800,53073412,1001496950.0100,3,0.472000,1,-0.526900,14.738936,4.762637,-4.138664,1.095112,0
2024-09-11,sh.600030,18.8500,19.0800,18.8200,19.0000,18.8800,46040786,874378089.9500,3,0.378100,1,0.635600,14.832615,4.792908,-4.164969,1.102073,0
2024-09-12,sh.600030,19.0200,19.0400,18.8400,18.8800,19.0000,34125596,645613092.2000,3,0.280300,1,-0.631600,14.738936,4.762637,-4.138664,1.095112,0
2024-09-13,sh.600030,18.9100,19.0800,18.8400,18.9200,18.8800,46149992,876310759.5400,3,0.379000,1,0.211900,14.770162,4.772727,-4.147432,1.097432,0
2024-09-18,sh.600030,18.8000,19.0100,18.7700,18.9400,18.9200,37932607,716767635.7200,3,0.311500,1,0.105700,14.785775,4.777772,-4.151817,1.098593,0
2024-09-19,sh.600030,19.0700,19.5000,18.9500,19.3400,18.9400,98938852,1906649056.3300,3,0.812500,1,2.111900,15.098041,4.878675,-4.239500,1.121794,0
2024-09-20,sh.600030,19.3000,19.3600,19.1300,19.2900,19.3400,62919701,1211200793.0500,3,0.516700,1,-0.258500,15.059008,4.866062,-4.228540,1.118894,0
2024-09-23,sh.600030,19.3200,19.4700,19.1700,19.3100,19.2900,53651089,1037305240.7500,3,0.440600,1,0.103700,15.074621,4.871108,-4.232924,1.120054,0
2024-09-24,sh.600030,19.7100,20.8300,19.4000,20.8200,19.3100,286916339,5812378579.7300,3,2.356300,1,7.819800,16.253424,5.252018,-4.563929,1.207640,0
2024-09-25,sh.600030,21.2900,21.7800,21.0500,21.1600,20.8200,300731823,6440028901.2900,3,2.469800,1,1.633000,16.518849,5.337785,-4.638460,1.227361,0
2024-09-26,sh.600030,21.0100,22.4900,21.0100,22.4800,21.1600,309320312,6741430787.8500,3,2.540300,1,6.238200,17.549326,5.670766,-4.927816,1.303926,0
2024-09-27,sh.600030,23.4000,24.7300,22.7000,24.7300,22.4800,279934718,6591736856.1900,3,2.299000,1,10.008900,19.305820,6.238348,-5.421036,1.434435,0
2024-09-30,sh.600030,27.2000,27.2000,26.4400,27.2000,24.7300,394917453,10719669520.0600,3,3.243300,1,9.987900,21.234060,6.861426,-5.962482,1.577704,0
2024-10-08,sh.600030,29.9200,29.9200,29.9200,29.9200,27.2000,147521340,4413838492.8000,3,1.211500,1,10.000000,23.357466,7.547568,-6.558730,1.735475,0
2024-10-09,sh.600030,31.0000,32.8900,28.7700,30.3500,29.9200,1351455140,42197359701.1400,3,11.098800,1,1.437200,23.693151,7.656039,-6.652990,1.760416,0
2024-10-10,sh.600030,29.1000,29.7400,27.4800,27.7500,30.3500,774670412,22003292806.3700,3,6.362000,1,-8.566700,21.663425,7.000168,-6.083047,1.609606,0
2024-10-11,sh.600030,27.2000,28.8400,26.6800,28.1700,27.7500,485999047,13374058536.4100,3,3.991300,1,1.513500,21.991304,7.106116,-6.175115,1.633968,0
2024-10-14,sh.600030,27.9700,27.9800,26.0700,27.4600,28.1700,450419082,12170846100.2700,3,3.699100,1,-2.520400,21.437032,6.927013,-6.019476,1.592785,0
2024-10-15,sh.600030,27.0000,27.7900,26.6600,26.7200,27.4600,278100853,7580601662.8200,3,2.283900,1,-2.694800,20.859341,6.740342,-5.857262,1.549862,0
2024-10-16,sh.600030,26.1100,27.1400,26.0700,26.4100,26.7200,259489205,6871284447.1200,3,2.131100,1,-1.160200,20.617335,6.662142,-5.789307,1.531881,0
2024-10-17,sh.600030,26.5000,26.9900,26.1400,26.1600,26.4100,206519367,5484875177.2400,3,1.696000,1,-0.946600,20.422169,6.599077,-5.734505,1.517380,0
2024-10-18,sh.600030,26.1200,28.7800,26.1000,27.9100,26.1600,571182902,15746269659.7400,3,4.690800,1,6.689600,21.788331,7.040529,-6.118120,1.618887,0
2024-10-21,sh.600030,27.4400,27.9000,27.2000,27.4600,27.9100,363397689,10009390463.5000,3,2.984400,1,-1.612300,21.437032,6.927013,-6.019476,1.592785,0
2024-10-22,sh.600030,27.4800,27.9100,27.3200,27.6700,27.4600,223802073,6179374320.1100,3,1.838000,1,0.764700,21.600972,6.979987,-6.065510,1.604966,0
2024-10-23,sh.600030,27.6800,28.1900,27.4700,27.5700,27.6700,279364960,7763427776.4400,3,2.294300,1,-0.361400,21.522905,6.954761,-6.043589,1.599166,0
2024-10-24,sh.600030,27.4000,27.7100,27.1100,27.2800,27.5700,162902254,4461535778.2000,3,1.337800,1,-1.051900,21.296513,6.881606,-5.980019,1.582344,0
2024-10-25,sh.600030,27.2800,27.8900,27.2000,27.5000,27.2800,166572085,4581169510.9700,3,1.368000,1,0.806500,21.468259,6.937103,-6.028245,1.595105,0
2024-10-28,sh.600030,27.5100,27.6100,27.3400,27.4900,27.5000,134573195,3691356706.1300,3,1.105200,1,-0.036400,21.460452,6.934580,-6.026053,1.594525,0
2024-10-29,sh.600030,27.5200,27.9600,27.2000,27.2300,27.4900,186891626,5145710569.3400,3,1.534800,1,-0.945800,21.257480,6.868993,-5.969058,1.579444,0
2024-10-30,sh.600030,27.2500,27.7800,27.1700,27.4600,27.2300,194475316,5331028925.7600,3,1.597100,1,0.844700,20.241871,6.737628,5.942635,1.560755,0
2024-10-31,sh.600030,27.4000,28.8000,27.2000,28.1200,27.4600,409520352,11535642432.9300,3,3.363200,1,2.403500,20.728384,6.899567,6.085466,1.598268,0
2024-11-01,sh.600030,28.1200,28.6200,27.8400,27.9500,28.1200,272158167,7672169096.2400,3,2.235100,1,-0.604600,20.603070,6.857856,6.048676,1.588605,0
2024-11-04,sh.600030,28.0100,29.0700,28.0100,29.0600,27.9500,274289684,7846310563.7800,3,2.252600,1,3.971400,21.421296,7.130207,6.288892,1.651695,0
2024-11-05,sh.600030,29.2300,30.9900,28.6900,30.4700,29.0600,427442377,12816061523.3100,3,3.510400,1,4.852000,22.460663,7.476167,6.594031,1.731836,0
2024-11-06,sh.600030,31.0100,33.0000,30.5900,31.0800,30.4700,545096360,17240261829.1800,3,4.476600,1,2.002000,22.910319,7.625837,6.726041,1.766506,0
2024-11-07,sh.600030,30.5000,34.1900,30.5000,34.1900,31.0800,480450523,15537735137.0500,3,3.945700,1,10.006400,25.202825,8.388912,7.399078,1.943271,0
2024-11-08,sh.600030,36.4900,36.4900,34.5500,34.8800,34.1900,745430253,26491205204.5000,3,6.121900,1,2.018100,25.711452,8.558211,7.548401,1.982488,0
2024-11-11,sh.600030,33.5500,35.6000,33.1000,34.8800,34.8800,513305843,17642461681.8300,3,4.215500,1,0.000000,25.711452,8.558211,7.548401,1.982488,0
2024-11-12,sh.600030,34.8900,35.1000,33.1800,33.9300,34.8800,414565034,14166082323.5700,3,3.404600,1,-2.723600,25.011169,8.325118,7.342811,1.928493,0
2024-11-13,sh.600030,33.0000,33.4900,32.4700,32.9200,33.9300,364705539,12011916259.0000,3,2.995100,1,-2.976700,24.266657,8.077302,7.124237,1.871087,0
2024-11-14,sh.600030,32.9300,33.6300,32.5900,32.6700,32.9200,255445067,8452182995.5200,3,2.097800,1,-0.759400,24.082372,8.015962,7.070134,1.856878,0
2024-11-15,sh.600030,32.6700,33.0000,31.1100,31.1300,32.6700,302257008,9658174453.8300,3,2.482300,1,-4.713800,22.947176,7.638105,6.736862,1.769348,0
2024-11-18,sh.600030,31.0500,31.4100,30.3800,30.6700,31.1300,245026383,7563239699.6600,3,2.012300,1,-1.477700,22.608091,7.525239,6.637313,1.743203,0
2024-11-19,sh.600030,30.7000,31.5200,30.4800,31.3000,30.6700,219410612,6795769179.3600,3,1.801900,1,2.054100,23.072490,7.679817,6.773651,1.779011,0
2024-11-20,sh.600030,31.3400,32.1600,31.0100,31.7400,31.3000,217290426,6873427378.4000,3,1.784500,1,1.405800,23.396831,7.787776,6.868872,1.804019,0
2024-11-21,sh.600030,31.5200,32.1200,31.3800,31.8900,31.7400,190430590,6042276753.8400,3,1.563900,1,0.472600,23.507402,7.824580,6.901334,1.812545,0
2024-11-22,sh.600030,31.8900,31.9800,30.2400,30.3300,31.8900,230577943,7164401757.2600,3,1.893600,1,-4.891800,22.357464,7.441816,6.563733,1.723878,0
2024-11-25,sh.600030,30.3300,30.5000,29.1400,29.6600,30.3300,231810113,6880269268.8700,3,1.903700,1,-2.209000,21.863580,7.277424,6.418738,1.685797,0
2024-11-26,sh.600030,29.6800,30.2500,29.5900,29.7200,29.6600,136519265,4077617098.8900,3,1.121200,1,0.202300,21.907808,7.292145,6.431723,1.689208,0
2024-11-27,sh.600030,29.6900,30.2900,29.4900,30.2800,29.7200,178303390,5342614121.9900,3,1.464300,1,1.884300,22.320607,7.429548,6.552913,1.721036,0
2024-11-28,sh.600030,30.3600,30.4100,29.8100,29.8700,30.2800,128196740,3858994298.1500,3,1.052800,1,-1.354000,22.018379,7.328950,6.464184,1.697733,0
2024-11-29,sh.600030,29.8800,31.8800,29.7500,30.7500,29.8700,293290911,9039101215.1500,3,2.408700,1,2.946100,22.667063,7.544868,6.654626,1.747750,0
2024-12-02,sh.600030,30.6000,31.4600,30.4900,31.2700,30.7500,193238036,6024240987.8900,3,1.587000,1,1.691100,23.050375,7.672456,6.767159,1.777305,0
2024-12-03,sh.600030,31.2700,31.4600,30.7000,31.0800,31.2700,154230920,4787944452.8500,3,1.266600,1,-0.607600,22.910319,7.625837,6.726041,1.766506,0
2024-12-04,sh.600030,31.0000,31.2000,30.6200,30.8000,31.0800,117878574,3643248465.9800,3,0.968100,1,-0.900900,22.703920,7.557136,6.665446,1.750592,0
2024-12-05,sh.600030,30.7000,31.2500,30.6500,30.9000,30.8000,115893331,3584769689.1200,3,0.951800,1,0.324700,22.777634,7.581672,6.687087,1.756276,0
2024-12-06,sh.600030,30.9000,31.6400,30.6500,31.2400,30.9000,205417748,6420319586.2000,3,1.687000,1,1.100300,23.028261,7.665095,6.760667,1.775600,0
2024-12-09,sh.600030,31.1500,31.3800,30.7500,31.1200,31.2400,125857170,3912475317.6300,3,1.033600,1,-0.384100,22.939804,7.635652,6.734698,1.768780,0
2024-12-10,sh.600030,33.0000,33.0000,31.3900,31.4800,31.1200,306678393,9869463926.3600,3,2.518600,1,1.156800,23.205175,7.723982,6.812605,1.789241,0
2024-12-11,sh.600030,31.4300,31.7200,31.1600,31.3400,31.4800,131147987,4119760433.4900,3,1.077100,1,-0.444700,23.101975,7.689631,6.782308,1.781284,0
2024-12-12,sh.600030,31.2800,31.9800,31.0400,31.6600,31.3400,169464117,5331870963.8700,3,1.391700,1,1.021100,23.337860,7.768147,6.851559,1.799472,0
2024-12-13,sh.600030,31.3400,31.3500,30.3700,30.4200,31.6600,201322645,6204088515.0400,3,1.653400,1,-3.916600,22.423806,7.463899,6.583210,1.728994,0
2024-12-16,sh.600030,30.3000,30.3500,29.9500,30.0300,30.4200,126345331,3801767875.6700,3,1.037600,1,-1.282100,22.136322,7.368208,6.498810,1.706827,0
2024-12-17,sh.600030,30.0100,30.6500,29.9100,30.2300,30.0300,119716603,3621328202.5300,3,0.983200,1,0.666000,22.283750,7.417280,6.542092,1.718195,0
2024-12-18,sh.600030,30.4000,30.5000,30.1800,30.2900,30.2300,69869446,2116480629.3900,3,0.573800,1,0.198500,22.327978,7.432002,6.555077,1.721605,0
2024-12-19,sh.600030,30.0000,30.3900,29.8800,30.3300,30.2900,92146787,2782391123.3900,3,0.756800,1,0.132100,22.357464,7.441816,6.563733,1.723878,0
2024-12-20,sh.600030,30.0900,30.5600,30.0300,30.3400,30.0900,97771248,2964895280.2300,3,0.802900,1,0.830800,22.364835,7.444270,6.565897,1.724447,0
2024-12-23,sh.600030,30.1000,30.5300,29.8800,29.9200,30.3400,104588907,3149338369.4200,3,0.858900,1,-1.384300,22.055236,7.341218,6.475005,1.700575,0
2024-12-24,sh.600030,29.9200,30.3800,29.9000,30.3200,29.9200,108200942,3264728039.8700,3,0.888600,1,1.336900,22.350092,7.439362,6.561569,1.723310,0
2024-12-25,sh.600030,30.3400,30.3900,29.9000,30.0900,30.3200,94086226,2833858814.6100,3,0.772700,1,-0.758600,22.180550,7.382929,6.511795,1.710237,0
2024-12-26,sh.600030,30.0900,30.3300,29.9500,30.1500,30.0900,81141198,2447344066.2300,3,0.666400,1,0.199400,22.224778,7.397651,6.524779,1.713648,0
2024-12-27,sh.600030,30.1600,30.7600,29.9200,30.2200,30.1500,179264402,5429064622.3300,3,1.472200,1,0.232200,22.276378,7.414826,6.539928,1.717626,0
2024-12-30,sh.600030,30.1000,30.5400,30.0000,30.5100,30.2200,120669105,3662919134.1300,3,0.991000,1,0.959600,22.490149,7.485981,6.602687,1.734109,0
2024-12-31,sh.600030,30.5300,30.5700,29.1500,29.1700,30.5100,198081281,5903231591.3700,3,1.626700,1,-4.392000,21.502381,7.157197,6.312697,1.657947,0
2025-01-02,sh.600030,28.9800,29.0000,27.1700,27.4500,29.1700,282848733,7898902462.3700,3,2.322900,1,-5.896500,20.234500,6.735175,5.940471,1.560187,0
2025-01-03,sh.600030,27.3400,27.5700,26.8400,26.9700,27.4500,183954608,4998126762.8700,3,1.510700,1,-1.748600,19.880672,6.617401,5.836594,1.532905,0
2025-01-06,sh.600030,26.8000,27.1100,26.5200,27.0600,26.9700,123687710,3329164147.4900,3,1.015800,1,0.333700,19.947015,6.639484,5.856071,1.538020,0
2025-01-07,sh.600030,27.1000,27.3200,26.8100,27.1600,27.0600,97972405,2650426338.4500,3,0.804600,1,0.369500,20.020729,6.664020,5.877712,1.543704,0
2025-01-08,sh.600030,27.1200,27.2800,26.5000,26.9800,27.1600,119233601,3199334777.5500,3,0.979200,1,-0.662700,19.888044,6.619855,5.838758,1.533473,0
2025-01-09,sh.600030,26.9300,27.1200,26.8000,26.8900,26.9800,63000753,1699066075.6600,3,0.517400,1,-0.333600,19.821701,6.597772,5.819281,1.528358,0
2025-01-10,sh.600030,26.9300,27.0800,26.4600,26.4600,26.8900,80024977,2145973115.2200,3,0.657200,1,-1.599100,19.504731,6.492267,5.726224,1.503918,0
2025-01-13,sh.600030,26.1600,26.5900,26.1600,26.5100,26.4600,66066389,1745282889.0600,3,0.542600,1,0.189000,19.541588,6.504535,5.737045,1.506759,0
2025-01-14,sh.600030,26.6200,27.7600,26.5500,27.7000,26.5100,166624923,4556431362.0800,3,1.368400,1,4.488900,20.418785,6.796515,5.994573,1.574396,0
2025-01-15,sh.600030,27.4900,27.6600,27.2800,27.3700,27.7000,88863984,2439628710.8700,3,0.729800,1,-1.191300,20.175529,6.715546,5.923158,1.555640,0
2025-01-16,sh.600030,27.5500,27.7900,27.0200,27.2500,27.3700,88458384,2422135498.7200,3,0.726500,1,-0.438400,20.087072,6.686102,5.897189,1.548819,0
2025-01-17,sh.600030,27.1100,27.5900,27.1100,27.3100,27.2500,67056250,1835393758.6600,3,0.550700,1,0.220200,20.131300,6.700824,5.910173,1.552229,0
2025-01-20,sh.600030,27.5500,27.8500,27.3200,27.4000,27.3100,90952804,2509191200.0600,3,0.747000,1,0.329500,18.710053,6.366035,5.929650,1.557345,0
2025-01-21,sh.600030,27.6000,27.6400,27.2500,27.4200,27.4000,72906952,2001896776.3100,3,0.598700,1,0.073000,18.723710,6.370681,5.933978,1.558481,0
2025-01-22,sh.600030,27.3500,27.4300,27.1000,27.2300,27.4200,70067082,1906375661.7400,3,0.575400,1,-0.692900,18.593968,6.326537,5.892860,1.547682,0
2025-01-23,sh.600030,27.8200,28.5000,27.4300,27.4500,27.2300,162452767,4530428409.0900,3,1.334100,1,0.807900,18.744195,6.377651,5.940471,1.560187,0
2025-01-24,sh.600030,27.4300,27.7400,27.3400,27.5400,27.4500,96903722,2672866999.1400,3,0.795800,1,0.327900,18.805651,6.398562,5.959948,1.565302,0
2025-01-27,sh.600030,27.6300,27.6500,26.9200,26.9300,27.5400,88625976,2413270221.2200,3,0.727800,1,-2.215000,18.389114,6.256836,5.827937,1.530631,0
2025-02-05,sh.600030,27.2700,27.2700,26.8400,26.9500,26.9300,78652890,2123929188.1600,3,0.645900,1,0.074300,18.402771,6.261483,5.832265,1.531768,0
2025-02-06,sh.600030,26.9000,27.4600,26.8400,27.3700,26.9500,104484162,2841760896.8600,3,0.858100,1,1.558400,18.689567,6.359065,5.923158,1.555640,0
2025-02-07,sh.600030,27.3500,28.6700,27.2300,28.1400,27.3700,215736565,6040036146.2700,3,1.771700,1,2.813300,19.215361,6.537964,6.089794,1.599404,0
2025-02-10,sh.600030,28.1600,28.3000,27.9600,28.1500,28.1400,108905279,3061349663.5700,3,0.894400,1,0.035500,19.222189,6.540287,6.091958,1.599973,0
2025-02-11,sh.600030,28.1100,28.1300,27.8300,27.9700,28.1500,89039231,2488585226.7700,3,0.731200,1,-0.639400,19.099276,6.498467,6.053004,1.589742,0
2025-02-12,sh.600030,27.9700,28.3500,27.7100,28.2700,27.9700,115983826,3249412217.8100,3,0.952500,1,1.072600,19.304131,6.568168,6.117927,1.606793,0
2025-02-13,sh.600030,28.2700,28.5700,28.0000,28.1200,28.2700,147661669,4172564748.1900,3,1.212700,1,-0.530600,19.201704,6.533317,6.085466,1.598268,0
2025-02-14,sh.600030,28.0000,28.3700,27.9600,28.2400,28.1200,98633225,2779540098.4500,3,0.810000,1,0.426700,19.283646,6.561198,6.111435,1.605088,0
2025-02-17,sh.600030,28.5000,28.6300,28.1000,28.2900,28.2400,120864874,3429274426.9800,3,0.992600,1,0.177100,19.317788,6.572815,6.122256,1.607930,0
2025-02-18,sh.600030,28.1900,28.2300,27.4600,27.5400,28.2900,111498104,3107292512.8300,3,0.915700,1,-2.651100,18.805651,6.398562,5.959948,1.565302,0
2025-02-19,sh.600030,27.5500,28.1600,27.5000,27.9900,27.5400,100071844,2792111249.6800,3,0.821800,1,1.634000,19.112933,6.503113,6.057332,1.590879,0
2025-02-20,sh.600030,27.9300,28.0600,27.7200,27.8900,27.9900,71257049,1988990232.0100,3,0.585200,1,-0.357300,19.044649,6.479880,6.035691,1.585195,0
2025-02-21,sh.600030,27.8900,28.6100,27.7100,28.4600,27.8900,184740434,5232423977.0600,3,1.517200,1,2.043700,19.433872,6.612312,6.159045,1.617592,0
2025-02-24,sh.600030,28.4600,28.6800,28.1100,28.3500,28.4600,119793301,3405197278.3000,3,0.983800,1,-0.386500,19.358759,6.586755,6.135240,1.611340,0
2025-02-25,sh.600030,28.1000,28.2200,27.7200,27.8300,28.3500,103860361,2906055925.6400,3,0.853000,1,-1.834200,19.003678,6.465940,6.022707,1.581785,0
2025-02-26,sh.600030,27.8800,28.4500,27.7600,28.4500,27.8300,139382674,3916115612.4300,3,1.144700,1,2.227800,19.427044,6.609989,6.156881,1.617024,0
2025-02-27,sh.600030,28.2300,28.5000,27.8300,28.2400,28.4500,144479996,4062952243.3100,3,1.186500,1,-0.738100,19.283646,6.561198,6.111435,1.605088,0
2025-02-28,sh.600030,28.1600,28.5800,27.3000,27.3300,28.2400,159499112,4442533958.0800,3,1.309900,1,-3.222400,18.662253,6.349771,5.914501,1.553366,0
2025-03-03,sh.600030,27.4300,27.8000,27.2100,27.3600,27.3300,106508981,2931519666.5800,3,0.874700,1,0.109800,18.682739,6.356741,5.920994,1.555071,0
2025-03-04,sh.600030,27.2200,27.4900,27.1600,27.3600,27.3600,64173120,1755293974.6400,3,0.527000,1,0.000000,18.682739,6.356741,5.920994,1.555071,0
2025-03-05,sh.600030,27.3600,27.4800,27.1200,27.3400,27.3600,78185646,2134914467.1200,3,0.642100,1,-0.073100,18.669082,6.352094,5.916665,1.553934,0
2025-03-06,sh.600030,27.5100,28.1000,27.5000,28.0000,27.3400,156284409,4359222945.4000,3,1.283500,1,2.414000,19.119762,6.505437,6.059496,1.591447,0
2025-03-07,sh.600030,27.8000,27.8900,27.5200,27.5800,28.0000,95791193,2653091475.0500,3,0.786700,1,-1.500000,18.832965,6.407855,5.968604,1.567575,0
2025-03-10,sh.600030,27.5000,27.5000,27.1400,27.2400,27.5800,90443787,2465622786.2400,3,0.742800,1,-1.232800,18.600797,6.328861,5.895024,1.548251,0
2025-03-11,sh.600030,27.0000,27.3100,26.9100,27.3000,27.2400,77948559,2112824030.3900,3,0.640200,1,0.220300,18.641768,6.342801,5.908009,1.551661,0
2025-03-12,sh.600030,27.3000,27.7200,27.1900,27.3000,27.3000,97578618,2674523651.8800,3,0.801400,1,0.000000,18.641768,6.342801,5.908009,1.551661,0
2025-03-13,sh.600030,27.2500,27.4500,26.9800,27.1000,27.3000,86042862,2338986156.6700,3,0.706600,1,-0.732600,18.505198,6.296334,5.864727,1.540294,0
2025-03-14,sh.600030,27.2300,28.4600,27.1400,28.0700,27.1000,261208380,7293137589.3800,3,2.145200,1,3.579300,19.167561,6.521700,6.074645,1.595426,0
2025-03-17,sh.600030,28.1800,28.1800,27.8300,27.8600,28.0700,104001952,2908938808.1900,3,0.854100,1,-0.748100,19.024163,6.472910,6.029199,1.583490,0
2025-03-18,sh.600030,27.9600,28.1100,27.8400,27.9500,27.8600,68407227,1912300537.5900,3,0.561800,1,0.323000,19.085619,6.493820,6.048676,1.588605,0
2025-03-19,sh.600030,27.9300,28.0900,27.8300,27.9300,27.9500,67762255,1893145479.8700,3,0.556500,1,-0.071600,19.071962,6.489173,6.044348,1.587469,0
2025-03-20,sh.600030,27.9300,27.9500,27.6100,27.6800,27.9300,64119108,1777878915.6800,3,0.526600,1,-0.895100,18.901250,6.431089,5.990245,1.573259,0
2025-03-21,sh.600030,27.6000,27.7100,27.0500,27.0900,27.6800,97701264,2668760589.1200,3,0.802400,1,-2.131500,18.498370,6.294010,5.862563,1.539725,0
2025-03-24,sh.600030,27.0900,27.2000,27.0000,27.1900,27.0900,66879005,1812137628.5500,3,0.549200,1,0.369100,18.566654,6.317244,5.884204,1.545409,0
2025-03-25,sh.600030,27.2000,27.2200,27.0000,27.0200,27.1900,53905068,1459856179.5500,3,0.442700,1,-0.625200,18.450570,6.277747,5.847414,1.535747,0
2025-03-26,sh.600030,27.0200,27.1100,26.9400,26.9800,27.0200,56408101,1523533195.5100,3,0.463300,1,-0.148000,18.423256,6.268453,5.838758,1.533473,0
2025-03-27,sh.600030,26.9400,27.1600,26.7100,26.9000,26.9800,72547231,1953678393.6900,3,0.595800,1,-0.296500,18.368885,6.249845,4.792776,1.519639,0
2025-03-28,sh.600030,26.9800,27.0300,26.7300,26.8000,26.9000,65897568,1769583852.7700,3,0.541200,1,-0.371700,18.300599,6.226611,4.774959,1.513990,0
2025-03-31,sh.600030,26.7200,26.8400,26.3000,26.5200,26.8000,79783870,2115699501.7600,3,0.655200,1,-1.044800,18.109399,6.161557,4.725072,1.498172,0
2025-04-01,sh.600030,26.5200,26.6600,26.3900,26.4400,26.5200,59639770,1580113213.6700,3,0.489800,1,-0.301700,18.054770,6.142970,4.710818,1.493652,0
2025-04-02,sh.600030,26.4000,26.6100,26.3500,26.5400,26.4400,45671867,1211260841.9300,3,0.375100,1,0.378200,18.123056,6.166204,4.728635,1.499302,0
2025-04-03,sh.600030,26.3000,26.7200,26.3000,26.4400,26.5400,55867758,1479533336.6200,3,0.458800,1,-0.376800,18.054770,6.142970,4.710818,1.493652,0
2025-04-07,sh.600030,25.0000,25.1700,23.8000,24.0200,26.4400,227729985,5537982334.5600,3,1.870200,1,-9.152800,16.402254,5.580717,4.279646,1.356941,0
2025-04-08,sh.600030,24.1100,24.5900,23.8800,24.5000,24.0200,171895621,4187725099.2700,3,1.411700,1,1.998300,16.730025,5.692238,4.365168,1.384058,0
2025-04-09,sh.600030,24.4400,25.1200,24.1500,24.8900,24.5000,142335172,3510522520.2400,3,1.168900,1,1.591800,16.996340,5.782849,4.434654,1.406090,0
2025-04-10,sh.600030,25.2500,25.4000,24.7000,25.1400,24.8900,122731517,3093831094.2700,3,1.007900,1,1.004400,17.167055,5.840933,4.479197,1.420213,0
2025-04-11,sh.600030,25.1300,25.5900,25.0300,25.3600,25.1400,93228996,2355030857.8600,3,0.765600,1,0.875100,17.317284,5.892047,4.518394,1.432641,0
2025-04-14,sh.600030,25.4400,25.4900,25.2100,25.2300,25.3600,63510014,1608059449.7800,3,0.521600,1,-0.512600,17.228512,5.861843,4.495232,1.425297,0
2025-04-15,sh.600030,25.1900,25.2100,24.9400,25.1100,25.2300,56251565,1409537552.0800,3,0.462000,1,-0.475600,17.146569,5.833963,4.473852,1.418518,0
2025-04-16,sh.600030,25.0900,25.2500,24.7700,25.1500,25.1100,66204342,1651630526.1500,3,0.543700,1,0.159300,17.173883,5.843257,4.480979,1.420778,0
2025-04-17,sh.600030,25.0500,25.2500,24.9700,25.1700,25.1500,48169473,1210732279.3700,3,0.395600,1,0.079500,17.187540,5.847903,4.484542,1.421907,0
2025-04-18,sh.600030,25.0600,25.2500,25.0000,25.1500,25.1700,47629384,1196730533.6300,3,0.391200,1,-0.079500,17.173883,5.843257,4.480979,1.420778,0
2025-04-21,sh.600030,25.0700,25.2800,24.9900,25.2300,25.1500,44137123,1112592222.1600,3,0.362500,1,0.318100,17.228512,5.861843,4.495232,1.425297,0
2025-04-22,sh.600030,25.2000,25.3000,25.0800,25.0800,25.2300,45949114,1157699162.5500,3,0.377400,1,-0.594500,17.126083,5.826993,4.468507,1.416823,0
2025-04-23,sh.600030,25.2300,25.2800,25.0400,25.1300,25.0800,48372379,1216639786.2600,3,0.397300,1,0.199400,17.160226,5.838610,4.477415,1.419648,0
2025-04-24,sh.600030,25.1200,25.2500,24.9500,25.0000,25.1300,51916077,1302315279.2200,3,0.426400,1,-0.517300,17.071455,5.808406,4.454253,1.412304,0
2025-04-25,sh.600030,25.1000,25.3300,25.0800,25.2000,25.0000,67011322,1690527143.7700,3,0.550300,1,0.800000,17.208026,5.854873,4.489887,1.423602,0
2025-04-28,sh.600030,25.2000,25.2100,25.0000,25.1300,25.2000,44065597,1106437411.3300,3,0.361900,1,-0.277800,17.160226,5.838610,4.477415,1.419648,0
2025-04-29,sh.600030,25.1400,25.2000,24.9600,25.0100,25.1300,46258639,1158492283.3400,3,0.379900,1,-0.477500,17.078283,5.810729,4.456035,1.412869,0
2025-04-30,sh.600030,25.0800,25.2800,25.0200,25.0800,25.0100,51451423,1293711644.7500,3,0.422500,1,0.279900,15.959446,5.482613,18.607092,1.383445,0
2025-05-06,sh.600030,25.2800,25.6800,25.2000,25.5100,25.0800,81902958,2086441329.3100,3,0.672600,1,1.714500,16.233073,5.576614,18.926113,1.407165,0
2025-05-07,sh.600030,26.2800,26.4200,25.6100,25.6700,25.5100,117323426,3040010227.7000,3,0.963500,1,0.627200,16.334887,5.611590,19.044819,1.415990,0
2025-05-08,sh.600030,25.6400,26.2000,25.5500,25.8600,25.6700,83674744,2170080321.9800,3,0.687200,1,0.740200,16.455792,5.653125,19.185781,1.426471,0
2025-05-09,sh.600030,25.8000,25.8800,25.5400,25.5500,25.8600,47695837,1223488810.3800,3,0.391700,1,-1.198800,16.258526,5.585358,18.955789,1.409371,0
2025-05-12,sh.600030,25.7800,26.3800,25.6500,26.3000,25.5500,131458156,3436067272.5300,3,1.079600,1,2.935400,16.735782,5.749311,19.512222,1.450742,0
2025-05-13,sh.600030,26.5000,26.5500,26.0600,26.0900,26.3000,79642618,2088033654.3400,3,0.654100,1,-0.798500,16.602151,5.703404,19.356421,1.439158,0
2025-05-14,sh.600030,26.0500,27.7400,26.0100,27.0700,26.0900,273905637,7367935399.2800,3,2.249500,1,3.756200,17.225765,5.917637,20.083492,1.493216,0
2025-05-15,sh.600030,26.8000,27.0100,26.5200,26.5800,27.0700,99456456,2657150207.0800,3,0.816800,1,-1.810100,16.913958,5.810521,19.719956,1.466187,0
2025-05-16,sh.600030,26.4700,26.6800,26.1300,26.2100,26.5800,71479998,1878231800.7000,3,0.587000,1,-1.392000,16.678512,5.729637,19.445450,1.445778,0
2025-05-19,sh.600030,26.1800,26.2400,26.0200,26.1100,26.2100,49274631,1285903214.0000,3,0.404700,1,-0.381500,16.614878,5.707777,19.371259,1.440261,0
2025-05-20,sh.600030,26.1600,26.2800,26.0600,26.0900,26.1100,50524073,1320882683.2200,3,0.414900,1,-0.076600,16.602151,5.703404,19.356421,1.439158,0
2025-05-21,sh.600030,26.0900,26.2000,26.0300,26.0400,26.0900,53649225,1400914011.5300,3,0.440600,1,-0.191600,16.570334,5.692474,19.319325,1.436400,0
2025-05-22,sh.600030,26.0000,26.0700,25.8600,25.9900,26.0400,44399458,1153132884.3900,3,0.364600,1,-0.192000,16.538517,5.681544,19.282230,1.433642,0
2025-05-23,sh.600030,25.9300,26.1500,25.6600,25.6700,25.9900,66448183,1720713752.5400,3,0.545700,1,-1.231200,16.334887,5.611590,19.044819,1.415990,0
2025-05-26,sh.600030,25.6500,25.7700,25.5300,25.6200,25.6700,45069898,1154448355.6200,3,0.370100,1,-0.194800,16.303070,5.600660,19.007723,1.413232,0
2025-05-27,sh.600030,25.5900,25.6300,25.4200,25.5100,25.6200,43510492,1110726853.7000,3,0.357300,1,-0.429400,16.233073,5.576614,18.926113,1.407165,0
2025-05-28,sh.600030,25.5400,25.5800,25.3600,25.4200,25.5100,35473327,902758247.9300,3,0.291300,1,-0.352800,16.175802,5.556939,18.859341,1.402200,0
2025-05-29,sh.600030,25.4100,25.7900,25.4100,25.7000,25.4200,54271635,1392291072.1700,3,0.445700,1,1.101500,16.353978,5.618148,19.067076,1.417645,0
2025-05-30,sh.600030,25.5800,25.6500,25.3700,25.5200,25.7000,54977072,1402145832.5900,3,0.451500,1,-0.700400,16.239436,5.578800,18.933532,1.407716,0
2025-06-03,sh.600030,25.4000,25.7800,25.3600,25.5900,25.5200,54994639,1407063923.1800,3,0.451600,1,0.274300,16.283980,5.594102,18.985466,1.411578,0
2025-06-04,sh.600030,25.5800,26.0500,25.5600,25.8900,25.5900,63914301,1653640823.4600,3,0.524900,1,1.172300,16.474882,5.659683,19.208039,1.428126,0
2025-06-05,sh.600030,25.9200,26.2300,25.8600,26.1800,25.8900,85204555,2221904941.8600,3,0.699700,1,1.120100,16.659421,5.723079,19.423192,1.444123,0
2025-06-06,sh.600030,26.1800,26.2800,25.9500,25.9800,26.1800,50405365,1313321249.3400,3,0.414000,1,-0.763900,16.532153,5.679358,19.274810,1.433090,0
2025-06-09,sh.600030,26.0800,26.5300,26.0800,26.4300,25.9800,90876994,2399507281.4500,3,0.746300,1,1.732100,16.818507,5.777730,19.608670,1.457913,0
2025-06-10,sh.600030,26.4300,26.4900,25.8200,25.9500,26.4300,73534370,1920532859.7000,3,0.603900,1,-1.816100,16.513063,5.672800,19.252553,1.431436,0
2025-06-11,sh.600030,26.0500,26.7000,26.0000,26.3800,25.9500,103266558,2730197606.4300,3,0.848100,1,1.657000,16.786690,5.766800,19.571574,1.455155,0
2025-06-12,sh.600030,26.1700,26.6800,26.0600,26.4400,26.3800,74801514,1978379473.0800,3,0.614300,1,0.227400,16.824870,5.779916,19.616089,1.458465,0
2025-06-13,sh.600030,26.3500,26.4400,26.1800,26.3000,26.4400,73726526,1937850752.4000,3,0.605500,1,-0.529500,16.735782,5.749311,19.512222,1.450742,0
2025-06-16,sh.600030,26.2000,26.7500,26.1700,26.6800,26.3000,78096124,2072284895.3100,3,0.641400,1,1.444900,16.977592,5.832381,19.794147,1.471703,0
2025-06-17,sh.600030,26.6700,26.7200,26.5200,26.7000,26.6800,51496764,1371101917.8700,3,0.422900,1,0.075000,16.990319,5.836753,19.808985,1.472807,0
2025-06-18,sh.600030,26.7000,26.7100,26.2500,26.3800,26.7000,52304769,1381128495.0300,3,0.429600,1,-1.198500,16.786690,5.766800,19.571574,1.455155,0
2025-06-19,sh.600030,26.3500,26.4200,25.8600,25.9100,26.3800,65214670,1698490899.0600,3,0.535600,1,-1.781700,16.487609,5.664056,19.222877,1.429229,0
2025-06-20,sh.600030,25.9100,26.0500,25.8800,25.8800,25.9100,41992436,1089208101.3000,3,0.344900,1,-0.115800,16.468519,5.657497,19.200620,1.427574,0
2025-06-23,sh.600030,25.7800,26.3000,25.7500,26.2300,25.8800,55235775,1439115621.5300,3,0.453600,1,1.352400,16.691239,5.734009,19.460288,1.446881,0
2025-06-24,sh.600030,26.2800,27.0700,26.2600,26.9100,26.2300,136424965,3659696309.7700,3,1.120400,1,2.592500,17.123951,5.882661,19.964786,1.484390,0
2025-06-25,sh.600030,26.9400,28.2000,26.8500,28.0300,26.9100,285636122,7881370306.5500,3,2.345800,1,4.162000,17.836653,6.127498,20.795725,1.546171,0
2025-06-26,sh.600030,27.9800,28.0600,27.5500,27.5700,28.0300,166940228,4633306781.3300,3,1.371000,1,-1.641100,17.543936,6.026940,20.454447,1.520797,0
2025-06-27,sh.600030,27.6500,28.4600,27.5000,27.5800,27.5700,177658492,4968291922.5900,3,1.459000,1,0.036300,17.550300,6.029126,20.461866,1.521349,0
2025-06-30,sh.600030,27.6100,27.8500,27.3500,27.6200,27.5800,96862649,2670400295.5500,3,0.795500,1,0.145000,17.575753,6.037870,20.491542,1.523555,0
2025-07-01,sh.600030,27.6300,27.7800,27.3100,27.3900,27.6200,70762348,1940654048.8800,3,0.581100,1,-0.832700,17.429395,5.987591,20.320903,1.510868,0
2025-07-02,sh.600030,27.4000,27.5200,27.2300,27.2800,27.3900,57525052,1573744148.5800,3,0.472400,1,-0.401600,17.359397,5.963544,20.239293,1.504800,0
2025-07-03,sh.600030,27.3900,27.7500,27.3600,27.6700,27.2800,72598917,2000459020.0800,3,0.596200,1,1.429600,17.607570,6.048800,20.528638,1.526313,0
2025-07-04,sh.600030,27.6000,28.0500,27.3500,27.6600,27.6700,102139372,2830151537.1700,3,0.838800,1,-0.036100,17.601207,6.046614,20.521219,1.525761,0
2025-07-07,sh.600030,27.5300,27.9100,27.4900,27.7900,27.6600,57222377,1588782682.7400,3,0.469900,1,0.470000,17.683931,6.075033,20.617667,1.532932,0
2025-07-08,sh.600030,27.7200,28.0800,27.7100,28.0200,27.7900,84580324,2365303709.9200,3,0.694600,1,0.827600,17.830290,6.125312,20.788306,1.545620,0
2025-07-09,sh.600030,28.0200,28.2600,27.7600,27.8100,28.0200,80770210,2261446228.2300,3,0.663300,1,-0.749500,17.696658,6.079405,20.632505,1.534036,0
2025-07-10,sh.600030,27.7800,28.4200,27.7200,28.2300,27.8100,142197216,4006903003.4700,3,1.167800,1,1.510200,17.963922,6.171219,20.944107,1.557203,0
2025-07-11,sh.600030,28.3300,29.2900,28.1600,28.6600,28.2300,246501548,7099768618.3700,3,2.024400,1,1.523200,18.237548,6.265219,21.263128,1.580923,0
2025-07-14,sh.600030,28.7700,28.8200,28.3800,28.4100,28.6600,100929723,2880998854.1200,3,0.828900,1,-0.872300,18.078463,6.210568,21.077651,1.567132,0
2025-07-15,sh.600030,28.4500,28.6200,28.0800,28.2400,28.4100,94326837,2669330265.2300,3,0.774700,1,-0.598400,17.970285,6.173405,20.951526,1.557755,0
2025-07-16,sh.600030,28.2400,28.3300,27.9000,28.0800,28.2400,76152358,2140328874.4000,3,0.625400,1,-0.566600,17.868470,6.138428,20.832821,1.548929,0
2025-07-17,sh.600030,28.0700,28.3800,28.0100,28.2500,28.0800,63999706,1801602017.3400,3,0.525600,1,0.605400,17.976648,6.175591,20.958945,1.558307,0
2025-07-18,sh.600030,28.3000,28.4600,28.1600,28.3400,28.2500,66669830,1886801281.6800,3,0.547500,1,0.318600,18.033919,6.195266,21.025717,1.563271,0
2025-07-21,sh.600030,28.4500,29.0100,28.3400,28.9000,28.3400,132900464,3827828697.3500,3,1.091400,1,1.976000,18.390270,6.317684,21.441186,1.594161,0
2025-07-22,sh.600030,28.9000,29.0800,28.5400,28.9300,28.9000,112187441,3231521990.5600,3,0.921300,1,0.103800,18.409361,6.324243,21.463444,1.595816,0
2025-07-23,sh.600030,29.0100,30.0600,29.0000,29.7800,28.9300,288781318,8542345797.7700,3,2.371600,1,2.938100,18.950251,6.510057,22.094067,1.642703,0
2025-07-24,sh.600030,29.5600,30.2800,29.4800,30.0400,29.7800,209784096,6293474531.7000,3,1.722900,1,0.873100,19.115700,6.566894,22.286963,1.657045,0
2025-07-25,sh.600030,30.0900,30.2200,29.6100,29.7000,30.0400,121393484,3625225120.3000,3,0.996900,1,-1.131800,18.899344,6.492568,22.034714,1.638291,0
